district_id,pct_black_educ,pct_asian_educ,pct_latinx_educ,pct_native_educ,pct_white_educ
2501650,0.017,0,0.017,0,0.9590000000000001
2501710,0.003,0.023,0.012,0,0.955
2501740,0.032,0,0,0,0.968
2501800,0,0.006,0,0,0.9940000000000001
2501860,0,0,0.03,0,0.97
2501890,0.084,0.042,0.11199999999999999,0,0.748
2501920,0.105,0.031,0.059000000000000004,0,0.785
2501950,0.003,0.015,0.035,0.003,0.9359999999999999
2501980,0.005,0.043,0.022000000000000002,0,0.924
2502040,0.013999999999999999,0,0.013999999999999999,0,0.958
2502100,0,0.005,0.02,0,0.97
2502160,0,0,0.02,0,0.98
2502190,0.006,0.002,0.023,0.003,0.96
2502220,0,0,0.012,0,0.988
2502250,0.076,0.015,0.015,0,0.894
2500542,0,0,0.025,0,0.966
2502310,0.015,0.02,0.02,0.003,0.9359999999999999
2502400,0,0.024,0.035,0,0.934
2502430,0,0,0.021,0,0.9790000000000001
2502460,0,0.013000000000000001,0,0,0.987
2502490,0.012,0.048,0.037000000000000005,0,0.872
2502520,0,0,0.019,0,0.981
2502530,0.006999999999999999,0.016,0.023,0,0.943
2502580,0,0,0.012,0,0.966
2502640,0.008,0.01,0.006,0,0.976
2502670,0.006,0.01,0.003,0,0.981
2502715,0,0.017,0.047,0,0.9359999999999999
2502790,0.24,0.069,0.11900000000000001,0.003,0.5660000000000001
2502820,0,0.01,0,0,0.981
2502880,0,0,0.021,0,0.9790000000000001
2502940,0.003,0.003,0.005,0,0.987
2502970,0,0,0,0,1
2503030,0.006999999999999999,0,0,0,0.993
2503060,0,0,0,0,1
2503090,0.102,0.016,0.036000000000000004,0.001,0.8320000000000001
2503120,0,0,0,0,1
2503150,0.025,0.059000000000000004,0.042,0.002,0.866
2503240,0.012,0.033,0.01,0,0.94
2503270,0.098,0.062,0.09300000000000001,0,0.725
2503300,0.004,0.009000000000000001,0.013000000000000001,0,0.945
2503330,0.02,0.016,0,0,0.965
2503360,0.009000000000000001,0,0.009000000000000001,0,0.965
2503390,0,0,0,0,1
2503510,0,0.006,0.009000000000000001,0,0.985
2503540,0.042,0.049,0.17800000000000002,0,0.728
2500014,0,0,0,0,1
2503660,0.008,0.005,0.042,0,0.9390000000000001
2503720,0,0,0,0,1
2503750,0.008,0.008,0.046,0,0.938
2503780,0,0,0.01,0,0.99
2503840,0.021,0.049,0.039,0,0.89
2503870,0.03,0.037000000000000005,0.042,0,0.8909999999999999
2503900,0,0,0,0,1
2503990,0,0.005,0.017,0,0.973
2504020,0,0,0,0,1
2504050,0,0,0.01,0,0.99
2504080,0,0,0,0,1
2504140,0.015,0.004,0.02,0,0.958
2504200,0,0,0.017,0,0.978
2504230,0,0,0,0,1
2504260,0,0,0.027000000000000003,0,0.973
2504290,0,0.031,0.055,0,0.914
2504320,0,0.01,0.01,0,0.98
2504360,0,0,0.027000000000000003,0.009000000000000001,0.9640000000000001
2504410,0,0.012,0.006,0,0.98
2504440,0,0,0.006999999999999999,0,0.993
2504500,0.006,0.012,0.008,0,0.961
2504530,0,0,0,0,1
2504590,0.01,0,0.019,0,0.97
2504620,0,0.013000000000000001,0.028999999999999998,0,0.9540000000000001
2509090,0,0,0.05,0,0.95
2504710,0,0,0,0,1
2504770,0.034,0.016,0.03,0,0.9159999999999999
2504800,0,0,0.006,0,0.9940000000000001
2504830,0.025,0.006,0.035,0,0.92
2504860,0.004,0.015,0.022000000000000002,0.004,0.943
2513321,0,0,0.049,0,0.951
2504890,0.037000000000000005,0.009000000000000001,0.071,0,0.88
2504920,0,0,0,0,1
2504950,0.004,0.018000000000000002,0,0,0.9790000000000001
2504980,0.016,0.012,0.159,0.002,0.8109999999999999
2505010,0.005,0.006999999999999999,0.003,0,0.985
2505070,0.005,0,0.016,0,0.9790000000000001
2505100,0,0,0,0.02,0.98
2505130,0,0.016,0.023,0,0.955
2505160,0,0.015,0,0,0.94
2505220,0,0,0.017,0,0.973
2505270,0.013000000000000001,0,0.026000000000000002,0,0.9490000000000001
2505280,0,0.005,0.006999999999999999,0,0.9890000000000001
2505340,0,0,0,0,0
2505370,0,0.018000000000000002,0.005,0,0.968
2505400,0,0.022000000000000002,0,0,0.978
2505490,0,0.018000000000000002,0.036000000000000004,0,0.937
2505500,0,0,0,0.006999999999999999,0.986
2505580,0.048,0.048,0,0,0.905
2505610,0,0,0,0,1
2505670,0,0.026000000000000002,0.01,0,0.943
2505730,0,0,0.011000000000000001,0,0.9890000000000001
2505740,0,0,0,0,1
2505760,0,0,0,0,1
2505790,0.006,0,0.018000000000000002,0.006,0.9690000000000001
2505880,0,0.024,0.024,0,0.953
2505940,0,0,0,0,0.975
2505970,0.01,0.013999999999999999,0.034,0.002,0.9359999999999999
2506000,0,0,0,0,1
2506090,0.004,0.008,0.012,0,0.972
2506150,0,0,0.015,0,0.9790000000000001
2506210,0,0,0,0,1
2506240,0.003,0,0.037000000000000005,0,0.93
2506270,0.04,0.013000000000000001,0.23199999999999998,0.003,0.7120000000000001
2501780,0,0,0,0,1
2506300,0,0,0.031,0,0.9690000000000001
2506330,0.006999999999999999,0.031,0.024,0,0.938
2506390,0.015,0.012,0.035,0,0.937
2506420,0,0,0,0,1
2506480,0,0,0.023,0,0.977
2506510,0,0.006999999999999999,0.022000000000000002,0,0.963
2506540,0,0,0,0,1
2506660,0.036000000000000004,0.005,0.18600000000000003,0.005,0.7659999999999999
2506690,0,0.027999999999999997,0.013999999999999999,0,0.9590000000000001
2506720,0,0.011000000000000001,0.009000000000000001,0,0.971
2506750,0,0.015,0,0,0.985
2506780,0.011000000000000001,0.011000000000000001,0.019,0,0.9590000000000001
2506810,0,0,0,0,1
2506840,0.023,0.07200000000000001,0.033,0,0.86
2506900,0.023,0.033,0.023,0,0.9209999999999999
2506930,0.042,0.023,0.027000000000000003,0,0.8909999999999999
2506960,0,0.01,0.02,0,0.95
2506990,0.005,0,0.017,0,0.978
2507020,0.017,0.046,0.049,0.002,0.883
2507050,0,0,0.011000000000000001,0,0.9890000000000001
2507080,0,0,0,0,1
2507110,0.023,0.02,0.07200000000000001,0.004,0.8740000000000001
2507140,0,0,0,0.001,0.991
2507170,0.027999999999999997,0.038,0.027000000000000003,0,0.894
2500067,0,0.01,0,0,0.99
2507230,0.009000000000000001,0.004,0.036000000000000004,0,0.946
2507260,0.005,0.012,0.01,0,0.9620000000000001
2507290,0,0,0,0,1
2507320,0.001,0,0.031,0,0.946
2507350,0,0.008,0,0,0.987
2507380,0.02,0,0.055999999999999994,0,0.924
2507410,0.009000000000000001,0.023,0,0,0.968
2507440,0.009000000000000001,0.009000000000000001,0,0.02,0.9620000000000001
2507470,0,0,0,0,1
2507500,0.01,0,0.096,0,0.892
2507530,0,0.009000000000000001,0.015,0,0.965
2507560,0.003,0.022000000000000002,0.013000000000000001,0,0.9570000000000001
2507590,0,0,0.013999999999999999,0,0.986
2507620,0,0.005,0.025,0,0.9620000000000001
2507680,0,0,0.039,0,0.961
2507740,0,0,0.034,0,0.966
2507770,0,0.005,0,0.005,0.9890000000000001
2507830,0,0,0,0,1
2507860,0.001,0.006,0.036000000000000004,0,0.9520000000000001
2507890,0,0.009000000000000001,0,0,0.991
2507920,0,0.004,0.036000000000000004,0,0.9590000000000001
2507980,0.027999999999999997,0.013999999999999999,0.037000000000000005,0,0.917
2507990,0,0,0,0,1
2500544,0.006,0.023,0.012,0,0.953
2508040,0.013000000000000001,0,0.013000000000000001,0,0.961
2508160,0.01,0.01,0.023,0,0.956
2508220,0,0,0,0,1
2508250,0.051,0.006,0.046,0,0.883
2508280,0,0.012,0,0,0.988
2508310,0.005,0.005,0.015,0,0.971
2508340,0.006,0.027000000000000003,0.003,0.002,0.956
2504560,0,0.008,0.018000000000000002,0,0.973
2508370,0.016,0.03,0.031,0,0.902
2508430,0.048,0.008,0.053,0,0.879
2508530,0,0,0,0,0.895
2508580,0.005,0.01,0.026000000000000002,0,0.9590000000000001
2508610,0.022000000000000002,0.059000000000000004,0.04,0,0.865
2508640,0,0,0,0,1
2508670,0.01,0,0.01,0,0.9790000000000001
2508700,0,0.004,0.004,0,0.991
2508730,0.009000000000000001,0,0.022000000000000002,0,0.965
2508760,0,0,0.062,0,0.938
2508790,0.005,0.005,0,0,0.9840000000000001
2508820,0,0.006,0.011000000000000001,0,0.983
2508850,0.018000000000000002,0.021,0.009000000000000001,0,0.9329999999999999
2508910,0,0,0.022000000000000002,0,0.978
2508880,0,0,0.019,0,0.981
2508940,0.009000000000000001,0.009000000000000001,0,0,0.983
2509000,0,0,0.017,0,0.983
2509030,0,0,0,0,0.986
2509060,0.005,0.008,0.036000000000000004,0,0.951
2504650,0,0,0,0,0.9520000000000001
2509150,0,0,0.013000000000000001,0,0.987
2509180,0,0,0,0,0.9690000000000001
2509210,0,0,0,0,1
2509270,0.006,0.01,0.011000000000000001,0,0.973
2509300,0,0,0.024,0,0.976
2509360,0,0.003,0.011000000000000001,0,0.9840000000000001
2509390,0,0,0.09300000000000001,0,0.907
2509420,0,0.006,0.006,0,0.987
2509450,0,0,0.028999999999999998,0,0.9540000000000001
2509540,0,0,0,0,1
2509600,0,0,0,0,1
2509630,0.006999999999999999,0.011000000000000001,0.031,0,0.946
2509690,0,0,0,0,1
2509720,0,0.006999999999999999,0.004,0,0.986
2509780,0,0,0,0,1
2509840,0,0,0,0,1
2500001,0,0,0.015,0,0.985
2512100,0,0,0,0,1
2509870,0.004,0.055,0.012,0,0.922
2509900,0,0.023,0.021,0,0.956
2509930,0.11,0.026000000000000002,0.019,0.005,0.818
2509990,0,0.005,0.006999999999999999,0,0.9840000000000001
2510050,0.015,0.028999999999999998,0.051,0,0.9009999999999999
2510080,0,0,0,0,1
2510140,0,0,0,0,1
2510170,0.012,0,0.043,0,0.9390000000000001
2510200,0,0,0,0,1
2510230,0,0,0.11,0,0.89
2510380,0.035,0.028999999999999998,0.109,0,0.8270000000000001
2510470,0,0,0.021,0,0.9790000000000001
2510500,0.006,0,0.012,0,0.975
2510530,0,0,0,0,1
2510560,0,0.011000000000000001,0,0,0.9890000000000001
2510590,0.006999999999999999,0.006999999999999999,0,0,0.972
2510620,0.004,0.034,0,0,0.955
2510710,0.027999999999999997,0,0.038,0,0.934
2510770,0.008,0.016,0.019,0,0.946
2510800,0,0.08800000000000001,0,0,0.912
2510830,0.01,0,0,0,0.99
2510860,0,0.004,0.011000000000000001,0,0.9840000000000001
2500541,0,0,0.03,0,0.97
2510890,0.026000000000000002,0.018000000000000002,0.092,0,0.857
2510920,0,0.01,0.011000000000000001,0,0.9790000000000001
2510950,0,0,0,0,1
2510980,0,0,0.023,0,0.977
2511010,0.04,0.008,0.124,0,0.8290000000000001
2511040,0,0.015,0.019,0,0.966
2500013,0,0,0.04,0,0.95
2500002,0,0,0,0.011000000000000001,0.9890000000000001
2511130,0.146,0.017,0.12300000000000001,0.001,0.7020000000000001
2511220,0.006,0.017,0.006,0,0.95
2511250,0.027000000000000003,0.012,0.023,0,0.938
2511310,0,0,0,0,1
2511340,0.012,0,0.032,0,0.946
2511370,0,0.055999999999999994,0,0,0.9440000000000001
2511400,0,0,0,0,1
2511430,0.006999999999999999,0,0.021,0,0.972
2511460,0,0.008,0.008,0,0.985
2511490,0.006999999999999999,0,0.004,0,0.9890000000000001
2511520,0.015,0.006999999999999999,0.021,0,0.9470000000000001
2511580,0,0.009000000000000001,0.005,0,0.986
2512570,0,0,0.087,0,0.9129999999999999
2511670,0,0,0.018000000000000002,0,0.982
2511740,0.006,0.013000000000000001,0.006,0,0.975
2511730,0,0,0,0,1
2511760,0,0.012,0.024,0,0.9640000000000001
2500043,0.03,0,0,0,0.97
2511850,0,0.009000000000000001,0,0,0.991
2511880,0,0,0.005,0,0.993
2511910,0,0.006,0.011000000000000001,0,0.983
2511940,0,0,0.115,0,0.885
2511970,0.004,0.008,0.004,0,0.9840000000000001
2512000,0.013000000000000001,0.026000000000000002,0.06,0,0.893
2512030,0.027999999999999997,0,0.013999999999999999,0,0.9590000000000001
2512060,0.022000000000000002,0.001,0.006,0,0.9490000000000001
2512180,0.004,0,0.052000000000000005,0,0.9440000000000001
2512210,0.005,0.032,0.048,0,0.904
2512240,0,0,0.009000000000000001,0,0.991
2512270,0.005,0.027000000000000003,0.022000000000000002,0,0.934
2512300,0,0,0,0,1
2512390,0.013000000000000001,0,0,0,0.987
2512420,0.003,0,0.033,0,0.9640000000000001
2512510,0,0.004,0.018000000000000002,0,0.9740000000000001
2512600,0.006999999999999999,0.037000000000000005,0.019,0,0.934
2512630,0.001,0.003,0.003,0.001,0.992
2512660,0,0.02,0.006999999999999999,0,0.9740000000000001
2512690,0,0,0,0,1
2512750,0.011000000000000001,0.077,0.02,0,0.878
2512780,0,0,0,0,1
2512810,0,0.025,0.005,0,0.955
2512840,0.013000000000000001,0.009000000000000001,0.018000000000000002,0,0.958
2512870,0,0,0,0,1
2512930,0.005,0,0.01,0,0.986
2512990,0,0,0,0,1
2513050,0,0.006999999999999999,0.011000000000000001,0,0.978
2513080,0.015,0,0.03,0,0.94
2513110,0.002,0.036000000000000004,0.011000000000000001,0,0.9440000000000001
2513170,0,0.016,0.008,0,0.977
2513200,0.002,0.009000000000000001,0.017,0.003,0.9690000000000001
2513230,0.025,0.016,0.085,0,0.8690000000000001
2513260,0,0,0,0,1
2513290,0,0,0,0,0.9840000000000001
3602370,0.011,0.011,0,0,0.968
3605040,0,0,0,0,0.877
3602400,0,0,0.049,0,0.951
3602430,0,0,0,0,0.992
3602460,0.093,0.03,0.074,0,0.799
3602520,0,0,0.013,0,0.981
3602550,0,0,0,0.008,0.992
3602580,0,0.012,0,0,0.975
3602670,0,0,0,0,1
3602700,0,0,0.018,0,0.982
3600015,0,0,0.01,0,0.588
3602820,0,0.01,0,0,0.99
3602880,0,0,0.1,0,0.9
3602920,0.011,0,0.007,0,0.953
3602940,0.072,0.013,0.115,0.003,0.77
3602970,0,0.004,0.024,0,0.972
3603000,0,0,0.059,0,0.941
3603030,0,0,0.053,0,0.947
3603180,0.019,0.033,0.044,0,0.904
3603210,0,0.035,0.044,0,0.885
3603240,0,0,0,0,1
3603270,0.013,0.011,0.046,0.001,0.922
3603420,0,0,0.024,0,0.968
3603480,0.003,0,0.006,0,0.868
3616170,0,0,0.009,0,0.991
3600016,0,0.005,0.011,0,0.91
3603630,0,0,0,0,0.783
3603660,0.01,0.025,0.025,0,0.941
3603720,0.013,0.007,0.02,0,0.919
3603810,0,0,0.015,0,0.954
3603840,0.059,0.021,0.037,0.002,0.873
3603870,0.005,0.005,0.01,0,0.976
3603930,0,0.005,0.008,0.003,0.984
3603960,0,0,0,0,0.978
3603990,0,0,0,0.004,0.996
3604050,0.008,0,0.008,0,0.985
3604080,0.041,0.021,0.101,0.002,0.835
3604110,0.004,0,0.011,0,0.985
3604140,0.023,0.012,0.084,0,0.869
3604200,0,0,0,0,1
3619950,0.021,0.009,0.121,0,0.849
3604290,0.006,0,0.017,0,0.977
3604350,0.025,0,0,0,0.975
3604370,0,0,0,0,1
3604410,0.013,0.019,0.032,0,0.936
3619020,0.01,0.023,0.027,0,0.938
3604530,0,0,0,0,0.897
3604620,0.018,0.012,0,0,0.97
3604650,0,0.013,0.013,0,0.975
3604710,0.003,0.006,0.006,0,0.981
3604740,0,0,0.023,0,0.962
3604870,0.025,0.011,0.025,0.004,0.923
3624630,0.025,0.008,0.017,0,0.917
3600012,0,0,0.018,0,0.982
3605010,0,0,0.04,0,0.96
3605220,0,0.03,0,0,0.97
3627960,0,0,0,0.01,0.99
3605280,0.022,0.009,0.2,0.003,0.645
3605310,0.014,0,0.074,0,0.895
3605340,0.026,0.037,0.022,0,0.916
3605370,0.038,0,0.057,0,0.849
3605460,0.02,0.01,0.007,0,0.963
3600005,0,0,0.014,0,0.979
3605580,0.004,0,0.025,0,0.941
3605610,0.018,0,0.018,0,0.965
3605640,0.014,0.024,0.048,0,0.914
3605670,0,0,0.043,0,0.478
3615780,0.017,0.005,0.039,0,0.938
3605520,0.016,0,0.011,0,0.973
3605820,0,0,0,0,1
3605850,0.101,0.011,0.044,0.003,0.833
3605940,0.005,0.012,0,0,0.98
3606060,0.004,0.012,0.012,0,0.971
3606090,0.011,0,0.033,0,0.956
3601087,0,0,0.006,0,0.989
3606160,0.008,0,0.015,0,0.977
3606180,0,0.013,0.013,0,0.963
3606210,0,0,0.012,0,0.988
3606240,0,0.006,0,0,0.994
3600020,0,0.012,0.012,0,0.964
3606300,0.011,0,0.011,0.011,0.834
3606330,0.003,0.009,0,0,0.985
3606360,0,0,0,0,1
3606390,0,0,0.009,0,0.991
3606420,0,0,0,0,0.972
3600124,0,0.012,0,0,0.977
3606470,0,0,0,0,0.786
3606540,0.007,0.02,0.027,0,0.945
3606570,0.003,0.007,0.021,0,0.969
3606630,0.011,0,0.004,0,0.982
3606660,0,0.012,0,0,0.988
3606690,0,0,0.014,0,0.85
3606720,0.008,0,0.023,0,0.969
3606780,0,0,0,0,1
3606840,0.031,0,0.026,0,0.943
3606870,0.072,0.006,0.242,0,0.68
3606900,0.004,0,0.004,0,0.988
3606990,0.022,0.019,0.068,0,0.826
3607050,0,0,0,0,1
3607080,0,0,0,0,1
3607110,0.043,0,0.009,0,0.948
3600018,0,0,0,0,1
3607170,0,0,0,0,0.9
3607230,0.037,0.005,0.016,0,0.942
3607260,0,0,0.013,0,0.978
3607290,0,0.008,0,0,0.992
3600006,0,0,0,0,1
3607380,0,0,0.034,0,0.84
3607470,0,0,0.019,0.009,0.972
3607530,0.003,0.003,0.006,0,0.988
3607560,0,0,0,0,0.869
3607590,0,0.003,0.005,0,0.989
3620340,0.006,0.02,0.032,0,0.941
3607680,0.028,0,0,0,0.972
3607710,0,0,0.031,0,0.938
3607770,0,0,0.009,0,0.868
3607860,0,0.018,0,0,0.982
3607890,0,0,0,0,0.976
3600010,0,0,0.016,0,0.984
3607980,0.006,0,0.023,0,0.962
3608010,0.007,0.007,0.033,0.007,0.947
3608100,0.029,0,0,0,0.971
3608130,0.006,0.004,0.023,0,0.932
3608160,0,0.004,0.011,0,0.975
3608250,0,0.016,0,0,0.984
3608280,0.022,0,0.022,0,0.956
3608310,0.021,0.006,0.122,0,0.846
3608370,0.011,0,0.022,0,0.951
3608400,0.003,0.003,0.008,0,0.982
3608430,0.009,0,0.009,0,0.983
3608460,0.006,0,0.017,0,0.967
3608490,0,0,0,0,0.973
3608580,0.021,0.045,0.041,0.007,0.887
3608610,0,0,0.05,0,0.95
3632010,0.011,0,0.011,0,0.977
3621450,0,0,0,0,0.986
3608790,0,0,0.016,0,0.984
3608880,0.02,0.005,0.045,0,0.93
3608910,0,0,0,0,1
3609030,0,0,0.015,0,0.985
3609060,0,0,0,0,0.946
3608850,0,0,0,0,0.979
3609120,0.03,0.018,0.036,0,0.88
3600001,0,0,0.013,0,0.882
3609210,0,0,0.049,0,0.951
3609240,0,0,0,0,0
3609330,0,0.009,0.012,0,0.979
3609360,0,0.016,0.032,0,0.936
3609390,0.013,0,0.013,0,0.778
3609420,0,0.006,0.042,0.006,0.935
3609540,0.006,0.018,0,0,0.975
3604920,0,0.01,0,0,0.975
3609630,0.009,0.008,0.021,0.003,0.956
3609660,0.011,0,0.049,0,0.94
3609690,0.025,0.007,0.004,0,0.965
3609720,0.006,0.003,0.014,0,0.973
3609840,0.005,0.01,0.021,0,0.963
3609870,0,0,0.016,0,0.984
3609900,0,0,0.065,0,0.935
3627810,0.11,0.023,0.196,0,0.64
3609930,0,0,0,0,1
3609960,0.009,0,0.018,0,0.973
3609990,0.004,0,0.004,0,0.831
3610050,0.005,0,0.022,0,0.718
3610080,0.004,0.007,0.032,0,0.957
3610170,0,0,0.008,0,0.992
3610200,0,0.017,0.029,0,0.92
3610230,0,0,0,0,1
3610260,0,0,0,0,0
3600003,0,0,0.017,0,0.983
3610380,0,0,0,0,1
3610410,0,0,0,0,1
3610500,0.026,0,0.07,0,0.896
3610530,0,0,0,0,1
3610560,0.034,0.006,0.014,0,0.926
3610590,0.01,0.01,0.01,0,0.969
3610620,0.077,0.024,0.076,0,0.82
3610650,0.106,0,0.221,0,0.653
3610680,0.026,0.008,0.026,0,0.865
3600125,0,0,0.042,0,0.95
3616560,0,0,0.005,0.005,0.991
3610860,0,0.015,0,0,0.969
3610890,0.005,0.009,0.007,0.002,0.976
3610920,0,0.009,0,0,0.982
3610950,0.028,0,0.113,0,0.859
3610980,0.01,0.008,0.037,0,0.944
3618330,0.003,0.003,0.012,0.003,0.976
3611070,0,0,0,0,1
3621540,0,0,0,0,1
3611100,0,0,0,0,1
3611160,0,0.009,0.065,0,0.917
3625320,0.013,0.013,0.054,0,0.812
3611190,0,0,0.017,0,0.983
3611250,0.019,0,0,0,0.962
3611280,0,0,0,0,1
3611310,0,0,0,0,0.978
3611370,0,0,0,0,0.971
3611400,0,0.012,0,0,0.988
3611430,0,0,0,0,1
3611460,0,0.034,0.031,0,0.936
3611490,0,0,0,0,1
3611520,0,0,0.006,0,0.994
3611550,0.084,0.01,0.152,0,0.753
3611610,0,0,0.014,0,0.986
3611640,0,0,0,0,1
3611670,0.003,0.008,0.011,0,0.979
3611700,0,0,0.004,0,0.992
3611730,0,0,0,0,1
3611740,0,0.018,0.009,0,0.973
3611760,0,0.007,0.009,0,0.981
3611860,0.048,0,0.143,0,0.762
3611880,0.016,0.014,0.016,0.006,0.949
3611910,0.024,0,0.048,0,0.695
3600017,0,0,0,0,0.97
3611940,0,0,0.01,0,0.979
3611970,0.009,0.005,0.059,0,0.918
3612030,0,0,0.018,0,0.982
3612120,0,0,0,0,1
3604757,0,0,0,0,1
3612180,0.017,0.013,0.095,0,0.872
3612240,0,0,0.005,0,0.98
3602310,0,0,0,0,1
3612270,0,0,0.004,0,0.996
3612300,0,0.008,0.008,0,0.984
3612330,0.03,0.004,0.039,0,0.922
3612360,0,0,0.02,0,0.98
3612390,0,0,0,0.027,0.973
3607020,0.004,0,0.004,0,0.992
3612450,0,0.01,0.01,0,0.971
3612510,0.008,0.053,0.041,0.002,0.894
3612630,0.014,0.002,0.021,0,0.935
3612660,0,0,0.056,0,0.917
3612720,0.192,0.048,0.113,0,0.648
3612750,0,0,0,0,1
3612840,0.016,0,0.025,0,0.959
3612870,0.018,0,0,0,0.982
3612900,0,0,0.024,0,0.976
3612960,0,0,0,0,1
3613020,0,0,0,0,0.985
3613080,0.007,0.002,0.014,0,0.973
3613110,0,0,0,0,1
3613230,0,0.023,0.023,0,0.801
3613290,0.014,0.026,0.032,0.003,0.925
3613350,0,0.004,0,0,0.996
3613380,0,0,0.019,0,0.981
3613440,0,0,0,0,1
3613470,0,0,0,0,1
3613530,0.005,0.033,0.047,0,0.915
3613560,0.028,0,0.028,0,0.944
3613590,0.009,0.013,0.017,0,0.953
3613620,0.015,0.015,0.019,0,0.91
3613710,0,0,0,0,1
3613740,0.011,0.012,0.022,0,0.954
3613770,0,0,0,0,1
3613830,0,0,0.017,0.026,0.957
3613950,0.023,0.035,0.046,0.006,0.884
3613980,0.003,0.003,0.025,0,0.966
3614010,0.034,0.005,0.115,0,0.846
3614130,0.422,0.008,0.174,0,0.328
3614190,0.013,0.024,0.024,0,0.939
3614220,0,0,0,0,1
3614250,0,0,0,0.029,0.971
3614280,0.013,0.07,0.022,0.003,0.89
3614310,0.02,0,0.02,0,0.959
3631710,0,0.013,0.021,0,0.966
3614340,0.002,0.04,0.054,0,0.901
3614400,0,0,0.017,0,0.983
3614430,0.037,0.009,0.037,0,0.909
3614460,0.013,0.008,0.005,0,0.973
3614490,0,0,0.044,0,0.956
3614550,0,0,0,0,0.92
3614580,0,0,0.008,0,0.992
3614610,0,0.011,0.011,0,0.958
3614640,0,0,0.005,0.005,0.989
3614670,0,0,0,0,1
3614700,0,0.011,0.005,0,0.973
3614730,0,0,0,0,1
3614760,0,0.024,0,0,0.976
3614820,0,0,0.009,0,0.983
3614850,0,0,0.007,0,0.993
3614940,0,0.006,0.04,0,0.945
3614970,0,0,0,0,1
3615060,0,0,0,0,1
3615090,0.019,0.012,0.134,0.002,0.832
3615180,0.019,0.025,0.025,0,0.927
3615270,0,0,0,0,1
3615300,0,0.006,0.008,0.006,0.969
3615360,0,0,0,0,0.993
3615450,0.009,0,0.019,0.009,0.962
3615480,0,0,0.056,0,0.932
3615510,0.01,0.01,0.039,0,0.941
3615540,0,0.004,0.026,0,0.887
3615570,0.044,0.027,0.037,0.004,0.875
3615630,0.019,0.005,0.012,0,0.962
3609090,0.015,0.01,0.01,0,0.955
3600007,0,0,0,0,0.022
3615720,0,0,0,0,1
3615810,0.003,0.054,0.012,0,0.931
3615870,0,0,0,0,1
3615900,0.017,0.013,0.02,0,0.95
3615980,0,0,0,0,1
3615990,0,0,0.01,0,0.99
3616080,0.012,0.007,0.039,0,0.942
3616140,0,0,0,0,1
3616200,0,0,0.013,0,0.963
3616230,0.007,0.005,0.007,0.002,0.978
3615210,0.006,0.012,0.006,0,0.977
3616260,0,0,0.011,0,0.93
3616290,0.03,0.008,0.022,0,0.934
3604758,0,0,0,0,1
3616380,0,0,0,0,1
3616440,0.042,0,0.016,0,0.943
3616410,0,0,0,0.124,0.876
3616470,0,0,0,0,1
3616500,0,0,0,0,0.123
3616530,0,0,0,0,1
3616620,0.012,0.002,0.032,0,0.918
3616680,0.002,0,0.008,0.002,0.987
3616710,0,0,0,0.009,0.991
3616740,0.009,0.005,0.023,0,0.955
3616800,0,0.03,0.03,0,0.909
3616830,0.013,0,0.066,0,0.883
3616950,0,0.009,0,0,0.991
3617130,0,0,0.013,0,0.987
3617160,0.003,0.011,0.019,0.002,0.962
3617190,0,0,0,0,0.993
3617220,0.024,0.006,0.056,0.009,0.899
3617380,0.005,0.003,0.028,0,0.963
3617430,0,0,0,0,1
3617460,0,0,0.01,0,0.99
3617520,0.005,0.008,0.012,0,0.971
3617580,0,0,0.017,0,0.923
3617640,0,0.008,0,0,0.992
3617670,0.017,0,0.008,0.003,0.972
3617700,0,0,0.031,0.004,0.964
3617730,0.024,0.015,0.117,0,0.84
3617760,0,0,0,0,1
3619230,0.031,0.01,0.052,0.001,0.892
3617820,0.008,0,0,0,0.979
3617880,0,0,0,0,1
3617910,0.004,0,0.018,0.004,0.957
3617940,0,0,0.028,0,0.972
3617970,0,0,0,0,0.671
3618030,0.041,0.009,0.023,0,0.927
3618080,0,0,0,0,1
3618090,0,0,0,0,1
3618120,0.003,0,0.012,0,0.945
3618150,0.005,0,0,0,0.989
3618180,0,0,0,0.005,0.995
3618210,0.062,0.006,0.03,0,0.896
3618240,0.02,0.029,0.081,0,0.853
3624270,0,0,0.012,0,0.988
3618270,0.017,0.057,0.044,0,0.882
3618450,0,0.013,0,0,0.987
3618480,0,0.008,0,0.008,0.985
3618510,0,0,0.023,0,0.977
3618540,0.013,0,0.019,0,0.968
3618570,0.011,0.006,0.017,0,0.966
3618600,0.005,0,0.005,0,0.989
3618630,0.007,0.005,0.043,0,0.944
3618660,0,0.005,0,0.026,0.933
3600021,0.008,0,0.012,0,0.98
3618750,0.013,0,0.013,0,0.961
3618840,0,0,0,0,0.73
3618900,0,0,0,0,1
3618960,0.008,0,0,0.008,0.985
3618990,0.037,0,0,0,0.963
3619110,0.007,0.007,0.033,0,0.954
3619170,0.005,0,0.005,0.005,0.978
3619200,0.003,0,0.03,0,0.872
3619260,0,0.014,0.028,0,0.957
3619320,0.054,0.011,0.124,0,0.807
3619350,0,0.024,0,0,0.619
3619380,0,0.015,0.045,0,0.596
3619410,0,0,0.013,0,0.987
3619500,0.008,0.004,0.073,0,0.915
3619530,0.042,0,0,0,0.875
3619560,0.007,0.01,0.056,0,0.909
3600004,0.004,0.004,0,0.009,0.978
3619650,0.011,0.008,0.058,0,0.922
3619710,0.073,0,0.122,0,0.805
3619740,0.038,0.003,0.045,0,0.907
3619800,0,0,0,0,1
3619830,0,0,0,0,1
3619860,0,0,0.023,0,0.977
3619890,0,0,0,0,1
3619920,0,0.017,0,0,0.983
3630930,0,0.01,0,0,0.979
3620010,0,0,0,0,1
3620040,0,0,0,0,1
3620100,0.263,0.012,0.145,0,0.566
3620160,0,0.01,0.041,0,0.949
3620190,0.01,0.012,0.03,0,0.921
3620220,0,0,0,0,1
3620370,0,0,0.005,0,0.995
3620400,0.007,0.052,0.06,0,0.873
3620430,0.019,0,0,0,0.864
3620460,0.036,0,0.023,0,0.925
3620490,0.114,0.028,0.149,0,0.705
3620520,0,0,0.125,0,0.875
3620610,0,0,0,0,0.939
3620640,0.005,0,0.021,0,0.974
3620670,0,0,0,0,0.929
3620700,0.073,0.012,0.144,0,0.771
3620730,0,0,0,0,1
3620760,0.009,0,0,0,0.991
3620790,0,0,0.03,0,0.946
3620820,0.055,0.011,0.013,0.004,0.913
3620850,0.004,0.011,0,0.042,0.937
3620880,0,0.011,0.011,0,0.976
3631410,0,0,0,0,1
3620910,0.027,0.007,0.042,0,0.919
3620940,0.006,0.017,0.029,0,0.948
3620970,0,0,0,0,0.8
3621120,0,0.025,0,0,0.975
3616980,0,0.009,0,0,0.972
3621180,0.008,0,0.04,0,0.927
3626370,0.008,0.028,0.023,0,0.942
3621210,0.005,0.005,0.005,0,0.986
3621240,0.007,0.007,0.014,0,0.972
3616960,0.016,0.016,0,0,0.967
3630390,0,0,0.02,0,0.98
3621250,0,0,0.009,0,0.982
3621270,0.004,0.01,0.004,0,0.84
3621260,0,0,0,0,0.953
3621300,0,0.019,0.019,0,0.962
3621330,0.007,0.02,0.02,0.007,0.947
3621360,0,0,0.011,0,0.978
3621480,0.093,0.019,0.085,0,0.791
3621510,0,0.024,0,0,0.976
3621570,0.011,0.011,0.045,0,0.931
3621630,0,0,0,0,1
3621660,0.007,0,0.007,0.007,0.979
3621720,0.007,0.01,0,0,0.983
3600013,0,0,0,0,0.853
3621780,0.006,0.006,0,0,0.982
3621810,0,0.043,0,0,0.894
3621840,0.023,0.016,0.013,0,0.817
3601107,0,0,0.014,0,0.986
3621900,0.005,0.002,0.005,0,0.989
3621960,0,0,0.018,0,0.927
3622020,0.066,0.023,0.258,0,0.649
3622050,0,0,0,0,1
3629240,0,0,0,0,1
3622100,0,0,0,0,1
3622170,0,0,0.013,0,0.987
3622260,0,0,0.013,0,0.973
3622290,0.016,0.057,0.052,0,0.875
3621930,0,0,0,0,1
3622380,0,0,0.015,0,0.985
3622410,0,0,0.035,0,0.965
3622440,0,0,0,0,1
3622470,0.004,0.004,0.081,0,0.907
3622500,0,0,0,0,1
3622530,0,0.01,0.038,0,0.813
3622560,0.01,0.01,0.055,0,0.911
3622650,0.091,0.01,0.246,0,0.653
3622680,0.018,0.014,0.082,0,0.883
3608340,0,0,0,0,1
3622710,0.008,0.01,0.008,0,0.955
3622740,0,0,0,0,1
3622770,0,0.025,0.015,0,0.929
3622830,0.005,0.011,0.008,0,0.976
3622890,0.006,0.013,0.006,0,0.974
3622920,0,0.007,0.007,0.007,0.98
3623010,0.014,0.011,0.03,0,0.944
3623040,0.011,0,0.032,0.016,0.931
3623070,0,0.016,0,0,0.984
3623160,0.006,0.002,0.005,0,0.987
3623190,0,0.02,0.016,0,0.963
3623220,0.009,0.042,0.019,0,0.93
3623280,0.005,0.021,0.01,0,0.964
3623310,0,0.015,0.043,0,0.941
3623340,0.054,0,0.027,0,0.919
3623370,0,0,0,0,1
3623430,0,0,0,0,1
3623460,0.022,0,0.19,0,0.555
3623490,0,0,0.022,0,0.969
3623520,0.011,0,0.017,0.004,0.964
3623580,0.021,0.021,0.054,0,0.902
3623640,0,0,0,0,1
3623670,0.009,0.009,0.014,0,0.968
3623760,0.18,0.016,0.041,0,0.743
3623790,0,0,0,0,1
3623880,0,0,0,0,1
3623970,0,0,0.125,0,0.875
3624000,0,0.028,0.052,0,0.912
3624030,0,0,0.009,0,0.991
3624060,0,0,0,0,1
3624090,0,0.013,0,0,0.988
3624150,0,0,0.021,0,0.979
3624210,0.01,0.01,0,0,0.948
3624240,0,0,0.009,0,0.974
3624360,0,0,0,0,0.933
3624420,0,0,0,0,0
3624450,0.024,0.012,0,0,0.951
3624480,0,0,0.009,0,0.822
3624570,0,0,0.019,0,0.981
3624660,0,0,0,0,1
3624690,0.03,0,0.069,0,0.896
3624750,0.136,0.018,0.071,0.004,0.725
3624780,0.015,0.016,0.053,0,0.915
3624840,0.01,0,0.02,0.004,0.965
3624900,0.006,0.002,0.012,0,0.98
3624930,0,0,0,0,1
3624960,0.035,0.013,0.015,0,0.929
3624990,0.294,0.022,0.179,0,0.43
3625020,0,0,0,0,1
3625050,0.021,0.021,0.064,0,0.89
3625110,0,0,0,0,0.912
3625140,0,0,0,0,1
3625170,0.029,0.01,0.01,0,0.947
3625260,0.007,0.026,0.037,0,0.923
3625290,0,0.016,0.016,0,0.962
3625350,0.003,0.007,0.01,0,0.978
3614880,0,0,0,0,0.714
3625380,0.008,0.008,0.033,0,0.95
3625410,0,0,0,0,1
3625440,0,0,0.016,0.029,0.878
3625470,0,0,0,0,1
3625500,0.013,0.006,0,0.193,0.788
3625650,0,0,0.023,0,0.977
3600009,0,0,0,0,1
3625740,0.009,0,0,0.009,0.982
3625770,0,0.002,0.004,0,0.988
3625800,0.004,0.011,0.004,0,0.98
3600002,0,0,0.012,0,0.976
3625920,0,0,0.004,0,0
3625950,0.02,0.034,0.06,0,0.886
3625980,0.006,0.006,0.006,0,0.981
3626010,0.051,0.023,0.02,0.001,0.884
3603060,0,0,0,0,1
3626070,0,0,0.014,0,0.986
3626100,0,0,0,0,0.973
3626130,0,0,0,0,1
3626160,0,0.015,0.008,0,0.969
3626190,0,0,0,0,0.923
3626310,0.005,0.009,0.009,0,0.977
3626400,0.013,0,0.013,0,0.974
3626430,0,0,0.008,0,0.905
3626520,0.035,0.029,0.061,0,0.875
3626580,0,0,0,0,1
3626640,0,0,0,0,1
3626670,0.006,0.013,0.007,0,0.972
3626700,0,0,0.015,0,0.985
3626730,0,0,0,0,0.981
3626760,0,0,0.027,0,0.846
3626840,0,0.01,0.005,0,0.986
3626850,0,0.01,0.01,0,0.98
3626880,0,0,0,0.036,0.956
3626940,0.012,0.008,0,0,0.98
3627000,0,0.021,0,0,0.979
3627060,0.001,0.007,0.03,0,0.95
3627120,0.009,0,0,0,0.991
3627150,0,0,0.007,0,0.985
3627180,0,0.011,0.034,0,0.955
3627210,0.014,0.005,0.005,0,0.975
3600008,0.06,0.01,0.052,0,0.879
3627240,0,0.018,0,0,0.982
3627300,0.019,0.004,0.129,0,0.834
3602340,0,0,0,0,0.952
3627330,0,0,0,0,1
3627360,0,0,0.01,0,0.99
3627450,0.011,0.021,0.023,0,0.852
3622140,0,0,0,0,1
3627540,0.031,0.006,0.154,0.017,0.684
3627570,0,0,0,0,1
3627620,0,0.013,0.026,0,0.962
3627660,0.008,0,0,0,0.992
3606500,0.013,0.013,0.073,0.006,0.883
3627750,0,0,0,0,1
3627780,0,0,0.008,0,0.986
3627900,0.023,0,0.091,0,0.773
3612990,0,0,0.007,0,0.912
3627990,0,0,0,0,1
3628020,0,0,0,0,1
3628050,0.009,0,0.004,0.009,0.938
3628110,0,0.011,0.011,0,0.979
3628140,0,0,0,0,1
3628320,0.008,0.014,0.049,0,0.93
3600023,0.011,0,0.032,0,0.947
3628380,0,0,0.008,0,0.992
3628500,0.009,0.009,0.006,0,0.975
3628560,0.001,0.041,0.039,0,0.917
3628590,0.126,0.015,0.047,0.002,0.797
3628620,0,0.013,0.013,0,0.967
3628650,0.014,0.004,0.174,0,0.808
3607650,0,0,0.018,0,0.982
3628200,0.002,0.008,0.038,0,0.945
3628680,0,0,0.016,0,0.984
3628710,0,0.012,0.012,0,0.953
3628740,0,0.006,0,0,0.914
3628800,0,0.034,0,0,0.966
3628890,0,0,0.01,0,0.815
3628950,0.021,0.013,0.035,0,0.931
3628980,0.01,0,0.01,0,0.962
3629040,0.017,0.017,0.085,0.009,0.86
3629070,0,0,0,0,0.727
3629130,0,0,0.013,0,0.96
3629160,0,0,0.015,0,0.956
3629190,0,0.085,0.024,0,0.89
3600019,0,0,0,0,1
3629250,0.013,0,0,0,0.987
3610710,0,0.011,0.015,0,0.974
3629280,0.21,0.027,0.148,0,0.615
3629370,0.014,0.006,0.015,0,0.961
3629400,0.027,0.02,0.031,0,0.922
3619680,0.008,0.008,0.031,0.005,0.947
3629430,0.027,0.019,0.016,0,0.482
3629460,0.01,0.036,0.031,0.021,0.901
3629490,0.135,0.069,0.127,0,0.668
3629520,0.03,0.017,0.063,0,0.881
3622200,0,0,0,0,0.692
3629610,0.008,0.01,0.023,0,0.936
3629640,0,0.003,0.005,0.003,0.989
3629670,0,0.018,0,0,0.982
3629760,0,0,0,0,1
3629790,0.004,0.008,0.065,0,0.923
3629820,0,0,0,0,1
3629850,0,0.005,0.031,0,0.964
3629880,0.012,0,0.03,0,0.955
3629910,0,0.013,0.026,0,0.961
3629940,0.009,0.014,0,0,0.977
3629970,0.018,0.024,0.037,0,0.916
3630030,0.013,0.009,0.052,0,0.927
3630060,0,0,0,0,0.946
3600014,0,0.006,0.006,0,0.988
3630120,0.01,0,0.003,0,0.987
3630160,0,0,0,0,0.977
3630210,0.009,0,0,0,0.991
3630240,0,0.011,0.023,0,0.966
3630270,0,0,0.007,0,0.993
3600011,0,0.01,0.007,0,0.983
3630330,0,0,0.005,0,0.995
3630360,0.003,0.002,0.014,0,0.97
3630420,0.015,0,0,0,0.985
3630450,0,0,0,0,0.955
3630480,0,0,0,0,0.963
3630540,0,0.003,0.006,0,0.956
3630600,0.015,0,0.015,0,0.969
3630630,0,0.007,0.004,0.004,0.958
3630660,0.037,0,0.062,0,0.895
3615390,0.015,0.006,0.009,0.003,0.954
3630690,0,0.005,0.01,0.003,0.982
3630780,0.002,0.002,0.002,0,0.993
3630900,0,0.034,0,0,0.966
3630960,0.131,0.011,0.182,0,0.668
3630990,0,0,0,0,1
3631020,0.005,0.005,0.034,0,0.956
3607320,0.007,0.014,0.028,0,0.952
3631050,0,0,0.013,0,0.675
3631170,0,0.014,0,0,0.986
3631200,0,0,0,0,1
3631260,0.062,0.029,0.17,0,0.723
3631290,0,0,0.013,0,0.988
3631320,0,0,0,0,1
3631350,0,0,0.04,0,0.92
3631380,0,0.015,0.007,0,0.971
3618690,0.007,0.01,0.064,0,0.918
3631440,0,0,0.014,0,0.954
3631470,0.003,0.006,0.01,0.001,0.979
3631500,0,0,0,0,1
3631560,0,0,0,0.01,0.99
3631590,0,0.026,0,0,0.974
3602730,0,0,0.007,0,0.993
3631740,0,0,0,0,1
3631800,0.229,0.012,0.109,0,0.645
3631830,0,0,0,0,0.958
3631860,0,0,0,0,1
3631920,0.101,0.018,0.181,0.012,0.685
3631950,0,0.011,0.011,0,0.949
3608970,0,0,0.004,0,0.991
3631980,0.009,0.009,0.04,0,0.933
4807710,0.44,0.03,0.31,0.001,0.2
4807830,0.4,0.07,0.27,0.003,0.23
4808090,0.22,0.03,0.19,0.005,0.53
4813590,0.22,0.01,0.4,0.002,0.29
4814280,0.06,0.02,0.17,0.004,0.73
4815000,0.07,0.02,0.17,0.003,0.73
4815750,0.18,0.002,0.2,0,0.6
4816110,0.16,0.03,0.21,0.003,0.57
4816410,0.11,0,0.14,0,0.75
4816530,0.01,0.02,0.22,0.001,0.73
4817070,0.13,0.01,0.19,0.003,0.66
4819650,0.34,0.09,0.17,0.002,0.38
4819950,0.01,0.01,0.08,0.003,0.89
4820250,0.32,0.04,0.42,0.003,0.21
4821150,0.18,0.01,0.28,0.004,0.52
4823640,0.38,0.06,0.3,0.003,0.24
4823820,0.01,0.004,0.07,0.004,0.9
4823910,0.22,0.01,0.18,0.004,0.58
4825170,0.1,0.05,0.19,0.003,0.65
4825740,0.15,0.03,0.17,0.004,0.63
4826190,0.05,0.02,0.22,0,0.7
4826580,0.16,0.03,0.22,0.004,0.57
4828740,0.02,0.01,0.14,0.004,0.82
4832400,0.06,0.01,0.28,0.01,0.62
4834320,0.13,0.03,0.41,0.003,0.42
4834440,0.11,0.03,0.2,0.002,0.64
4838190,0.31,0.01,0.29,0,0.38
4839270,0.01,0,0.12,0.004,0.85
4839990,0.43,0.02,0.27,0.01,0.26
4841100,0.09,0.05,0.32,0.004,0.53
4841220,0.48,0.03,0.22,0.003,0.24
4841350,0.48,0.09,0.2,0.004,0.2
4842960,0.04,0.02,0.15,0.001,0.78
4844430,0.12,0.004,0.19,0.002,0.66
4844470,0.02,0,0.03,0,0.94
